{"seed":901,"time":1.53132164478302,"objectName":"gameobject 926534728","vertexPoints":187,"basicPosition":{"x":0.5562021136283875,"y":0.870241641998291,"z":0.9946846961975098},"vertxindices":[2020371117,184924026,1554122214,1145173243,73393627,1752926022,1740571078,427727589,539766060,188297017,1148979080,769996546,651198752,752854940,1069474030,338430389,35291229,1907895912,1177801485,2085601717,1918196302,562108137,748369265,2037377199,1589988063,1090626284,1567445805,408508670,2142223016,1467315101,549690653,521977135,1879921077,2026630745,1080207065,100088433,974969267,1665922340,1410993025,1300999827,603551712,100510977,46765383,563116140,1921994222,1365773716,142027418,392941355,909793261,1157920401,1861772620,2098250677,1553369858,1920954484,80763502,878087501,1843712686,624185470,1624059269,854816353,68749821,923743250,787966188,903088424,109547500,650909905,585031879,1243029873,866696001,866895054,1214121005,1348784531,1681678009,860420266,1605351932,340998963,1341296921,1268842358,445074611,1383155314,981950543,1612750502,1489444151,1530568990,1107828259,1741040856,1373975841,295890115,1610664143,1605452169,2036909917,130053652,2111086403,150866557,586818854,445606533,1818199287,536720055,1067782486,243346384,1126540931,798026650,1643080614,190469840,1095270523,339456299,525661757,1764131020,711631135,1540777269,852596196,1273551920,1888152662,1903382430,508669210,1984270631,13208262,2058338266,1965054942,4290776,1145346682,1143670309,2121413714,1290161360,1191776834,1884924641,857725456,712600656,2078115560,673014852,662681786,321911871,363527170,1311426062,653997007,742037996,2099318319,238235020,31720553,46602946,2070152292,870606125,1956695422,2055016968,1788598276,1728155508,852743860,284359352,180020641,807363788,2134298570,1325466399,1372564551,640012350,26633070,2068044334,2090787049,1744598431,28174230,678967586,1671374915,1180635938,1844051168,505774474,1330941136,1652920267,166423004,280720976,758951121,42534241,1720790399,1107379481,284583480,188106977,719952252,1306848426,147975588,136855464,451318460,1367059476,1900046199,849189902,1565730679,1259862527,1122511193,809395851,1675726362],"temperatures":[0.6051115989685059,0.8910298347473145,0.6058923602104187,0.8964162468910217,0.5822510123252869,0.7828739285469055,0.37311914563179018,0.03525019437074661,0.8765826225280762,0.7998360395431519,0.92208331823349,0.6507196426391602,0.2801641821861267,0.19445286691188813,0.27328306436538699,0.010070987977087498,0.3545103669166565,0.6101794838905335,0.9901502132415772,0.427695095539093,0.8262071013450623,0.8908829092979431,0.8651847243309021,0.7152143120765686,0.6501652002334595,0.3863455355167389,0.4047631025314331,0.44571706652641299,0.6937885880470276,0.053856994956731799,0.9541432857513428,0.5331818461418152,0.3917250633239746,0.4022211730480194,0.20916558802127839,0.22128771245479585,0.6131851077079773,0.048725176602602008,0.867022693157196,0.9804706573486328,0.2710278630256653,0.35210004448890688,0.11784612387418747,0.738869845867157,0.30397656559944155,0.3234598636627197,0.12726269662380219,0.22461295127868653,0.4861069619655609,0.7774423360824585,0.7754776477813721,0.42671605944633486,0.02560061775147915,0.5071845650672913,0.4368039667606354,0.6101487874984741,0.3028108775615692,0.8435021042823792,0.7345048785209656,0.1364646553993225,0.2797147333621979,0.8870722055435181,0.35258206725120547,0.8326857089996338,0.4039373993873596,0.6470591425895691,0.9662609696388245,0.6729830503463745,0.892221987247467,0.6785134673118591,0.6815759539604187,0.37157687544822695,0.7595049142837524,0.9464231133460999,0.8143736720085144,0.9345002770423889,0.07036562263965607,0.8847916722297669,0.9368149042129517,0.5189826488494873,0.4868054687976837,0.8408268094062805,0.45965710282325747,0.695571780204773,0.39669540524482729,0.7679442763328552,0.6233237385749817,0.4394679069519043,0.30837100744247439,0.9640703201293945,0.3898776173591614,0.6405596137046814,0.6367069482803345,0.22301042079925538,0.5769000053405762,0.2954419255256653,0.8943567872047424,0.560227632522583,0.11518716812133789,0.9627214074134827,0.025177499279379846,0.9185506701469421,0.7797446250915527,0.7162959575653076,0.931542694568634,0.49237051606178286,0.8787875175476074,0.8518268465995789,0.5860270857810974,0.1519210785627365,0.2862918972969055,0.9064375162124634,0.3293810188770294,0.18413671851158143,0.8644580245018005,0.6051836013793945,0.27846139669418337,0.331367164850235,0.3591311275959015,0.5245884656906128,0.6743200421333313,0.9907904863357544,0.6016530394554138,0.6934127807617188,0.3834417164325714,0.3632824718952179,0.377179890871048,0.29623711109161379,0.20942597091197968,0.9001651406288147,0.2884727120399475,0.3170595169067383,0.9459967613220215,0.3494071662425995,0.9031776785850525,0.2387445867061615,0.21233868598937989,0.7777993679046631,0.4998059570789337,0.9484485387802124,0.8451561331748962,0.02710818313062191,0.6388129591941834,0.02784096822142601,0.34677138924598696,0.7662574052810669,0.6131283640861511,0.9445398449897766,0.8698728084564209,0.8311365246772766,0.5846978425979614,0.11929549276828766,0.7676597237586975,0.5976634621620178,0.4440837800502777,0.7585151195526123,0.4036305844783783,0.6782612204551697,0.24270100891590119,0.8855114579200745,0.8428776860237122,0.4589777886867523,0.9933130741119385,0.5148634314537048,0.2626308500766754,0.4172569513320923,0.7711091041564941,0.9002656936645508,0.011219042353332043,0.7007944583892822,0.013768458738923073,0.9205593466758728,0.7168274521827698,0.13502858579158784,0.40587061643600466,0.7865635752677918,0.5458502769470215,0.5648841261863709,0.9583495855331421,0.8282278180122376,0.21082156896591187,0.4560989737510681,0.41271957755088808,0.4773845970630646,0.024653565138578416,0.5909520983695984,0.6384791135787964],"vertexPositions":[{"x":0.459824800491333,"y":0.4462968409061432,"z":0.5184434056282044},{"x":0.02606309950351715,"y":0.21950948238372804,"z":0.6568022966384888},{"x":0.6147407293319702,"y":0.06759925186634064,"z":0.18619084358215333},{"x":0.2654165029525757,"y":0.7932624816894531,"z":0.003089824691414833},{"x":0.9543919563293457,"y":0.41472482681274416,"z":0.7101011872291565},{"x":0.6108656525611877,"y":0.5771755576133728,"z":0.2526372969150543},{"x":0.4114394783973694,"y":0.6411117911338806,"z":0.5480290055274963},{"x":0.6231331825256348,"y":0.2342161387205124,"z":0.9467137455940247},{"x":0.5721800327301025,"y":0.16885706782341004,"z":0.3059180676937103},{"x":0.428363561630249,"y":0.04591577500104904,"z":0.6018398404121399},{"x":0.7629396319389343,"y":0.8671517968177795,"z":0.9605081081390381},{"x":0.045099977403879169,"y":0.7361956238746643,"z":0.70217365026474},{"x":0.44888752698898318,"y":0.9668721556663513,"z":0.8462857007980347},{"x":0.9736289381980896,"y":0.5195702910423279,"z":0.987014651298523},{"x":0.031200364232063295,"y":0.8465486764907837,"z":0.7517416477203369},{"x":0.7855349183082581,"y":0.10880675911903382,"z":0.6224185228347778},{"x":0.5649498701095581,"y":0.9753357172012329,"z":0.7176022529602051},{"x":0.5442876815795898,"y":0.6806036829948425,"z":0.18947139382362367},{"x":0.8869375586509705,"y":0.5320425033569336,"z":0.6434757113456726},{"x":0.6053078770637512,"y":0.32257136702537539,"z":0.9553426504135132},{"x":0.9087932705879211,"y":0.058901116251945499,"z":0.10382717102766037},{"x":0.9163909554481506,"y":0.11541015654802323,"z":0.8029142022132874},{"x":0.9362932443618774,"y":0.11377710103988648,"z":0.6857398748397827},{"x":0.47355180978775027,"y":0.24926993250846864,"z":0.9578524231910706},{"x":0.29302525520324709,"y":0.33009886741638186,"z":0.43855810165405276},{"x":0.4991578757762909,"y":0.20307299494743348,"z":0.7805576920509338},{"x":0.4629635512828827,"y":0.15346409380435944,"z":0.7291887998580933},{"x":0.5060487389564514,"y":0.8715085387229919,"z":0.4558502435684204},{"x":0.42887750267982485,"y":0.8776895403862,"z":0.8409848213195801},{"x":0.773160457611084,"y":0.8463026285171509,"z":0.694748044013977},{"x":0.3560379445552826,"y":0.3647189140319824,